std,rho,name
0.5354585561219288,1.0,T = 13.18-13.38-12.71
0.19004660882041796,0.833552903578095,T = 13.18-13.38-12.71
