std,rho,name
0.5354585561219288,1.0,T = 13.18-13.38-12.71
0.26172755053625274,0.9430760256433336,T = 13.18-13.38-12.71
